id,title,handle,vendor,product_type,tags,link,summary
7277891944641,Materac Hilding Boogie,materac-hilding-boggie,Hilding,Materace,Omnibus: Not on sale,https://berkehome.pl/products/materac-hilding-boggie,Materac Hilding Boogie Omnibus: Not on sale Materace Hilding
7278857846977,Materac Hilding Conga,materac-hilding-conga,Hilding,Materace,Omnibus: Not on sale,https://berkehome.pl/products/materac-hilding-conga,Materac Hilding Conga Omnibus: Not on sale Materace Hilding
7280322838721,Materac Hilding Dance,materac-hilding-dance,Hilding,Materace,Omnibus: Not on sale,https://berkehome.pl/products/materac-hilding-dance,Materac Hilding Dance Omnibus: Not on sale Materace Hilding
7281440030913,Materac Hilding Electro,materac-hilding-electro,Hilding,Materace,Omnibus: Not on sale,https://berkehome.pl/products/materac-hilding-electro,Materac Hilding Electro Omnibus: Not on sale Materace Hilding
7281955209409,Materac Hilding Lambada,materac-hilding-lambada,Hilding,Materace,Omnibus: Not on sale,https://berkehome.pl/products/materac-hilding-lambada,Materac Hilding Lambada Omnibus: Not on sale Materace Hilding
7282066030785,Materac Hilding Modern,materac-hilding-modern,Hilding,Materace,Omnibus: Not on sale,https://berkehome.pl/products/materac-hilding-modern,Materac Hilding Modern Omnibus: Not on sale Materace Hilding
7194503086273,Materac Sealy Hybrid Classic,materac-sealy-hybrid-classic,Sealy,Materace,Omnibus: Not on sale,https://berkehome.pl/products/materac-sealy-hybrid-classic,Materac Sealy Hybrid Classic Omnibus: Not on sale Materace Sealy
7197341089985,Materac Sealy Hybrid Style,materac-sealy-hybrid-style,Sealy,Materace,Omnibus: Not on sale,https://berkehome.pl/products/materac-sealy-hybrid-style,Materac Sealy Hybrid Style Omnibus: Not on sale Materace Sealy
7197556801729,Materac Sealy One,materac-sealy-one,Sealy,Materace,Omnibus: Not on sale,https://berkehome.pl/products/materac-sealy-one,Materac Sealy One Omnibus: Not on sale Materace Sealy
7197346595009,Materac Sealy Prestige,materac-sealy-prestige,Sealy,Materace,Omnibus: Not on sale,https://berkehome.pl/products/materac-sealy-prestige,Materac Sealy Prestige Omnibus: Not on sale Materace Sealy
8339247628635,Materac TEMPUR Pro Firm,materac-tempur-pro-firm,berke.,,Omnibus: Not on sale,https://berkehome.pl/products/materac-tempur-pro-firm,Materac TEMPUR Pro Firm Omnibus: Not on sale  berke.
8339253985627,Materac TEMPUR Pro Medium,materac-tempur-pro-medium,berke.,,Omnibus: Not on sale,https://berkehome.pl/products/materac-tempur-pro-medium,Materac TEMPUR Pro Medium Omnibus: Not on sale  berke.
8339253231963,Materac TEMPUR Pro Medium Firm,materac-tempur-pro-medium-firm,berke.,,Omnibus: Not on sale,https://berkehome.pl/products/materac-tempur-pro-medium-firm,Materac TEMPUR Pro Medium Firm Omnibus: Not on sale  berke.
8339247890779,Materac TEMPUR Pro Plus Medium Firm Hybrid,materac-tempur-pro-medium-firm-hybrid,berke.,,Omnibus: Not on sale,https://berkehome.pl/products/materac-tempur-pro-medium-firm-hybrid,Materac TEMPUR Pro Plus Medium Firm Hybrid Omnibus: Not on sale  berke.
7565442318529,Materac TEMPUR Pro Soft,materac-tempur-pro-soft,berke.,,Omnibus: Not on sale,https://berkehome.pl/products/materac-tempur-pro-soft,Materac TEMPUR Pro Soft Omnibus: Not on sale  berke.
7169650229441,Model 3D stolika dębowego Cube No. 2,model-3d-stolika-debowego-cube-no-2,berke.,3D stolik,dab darmowe darmowy free komoda Omnibus: Not on sale szafka nocka szufladami,https://berkehome.pl/products/model-3d-stolika-debowego-cube-no-2,Model 3D stolika dębowego Cube No. 2 dab darmowe darmowy free komoda Omnibus: Not on sale szafka nocka szufladami 3D stolik berke.
7169668219073,Model 3D stolika dębowego Naby No. 1,model-3d-stolika-debowego-naby-no-1,berke.,3D stolik,dab darmowe darmowy free komoda Omnibus: Not on sale szafka nocka szufladami,https://berkehome.pl/products/model-3d-stolika-debowego-naby-no-1,Model 3D stolika dębowego Naby No. 1 dab darmowe darmowy free komoda Omnibus: Not on sale szafka nocka szufladami 3D stolik berke.
7304685846721,Model 3D stolika dębowego Natt No. 1,model-3d-stolika-debowego-natt-no-1,berke.,3D stolik,dab darmowe darmowy free komoda Omnibus: Not on sale szafka nocka szufladami,https://berkehome.pl/products/model-3d-stolika-debowego-natt-no-1,Model 3D stolika dębowego Natt No. 1 dab darmowe darmowy free komoda Omnibus: Not on sale szafka nocka szufladami 3D stolik berke.
7165774627009,Model 3D stolika dębowego Tabb No. 1,model-3d-stolika-debowego-tabb-no-1,berke.,3D stolik,dab darmowe darmowy free komoda Omnibus: Not on sale szafka nocka szufladami,https://berkehome.pl/products/model-3d-stolika-debowego-tabb-no-1,Model 3D stolika dębowego Tabb No. 1 dab darmowe darmowy free komoda Omnibus: Not on sale szafka nocka szufladami 3D stolik berke.
7355999322305,Model 3D stołka barowego Hoker No. 1,model-3d-stolka-barowego-hoker-no-1,berke.,3D siedzisko,3D dab darmo darmowe krzeslo kuchni kuchnia kwietnik lity model Omnibus: Not on sale siedzisko stolek taboret,https://berkehome.pl/products/model-3d-stolka-barowego-hoker-no-1,Model 3D stołka barowego Hoker No. 1 3D dab darmo darmowe krzeslo kuchni kuchnia kwietnik lity model Omnibus: Not on sale siedzisko stolek taboret 3D siedzisko berke.
7165762535617,Model 3D toaletki dębowej Lili No. 1,model-3d-toaletki-debowej-lili-no-1,berke.,3D toaletka,biurko dab darmowe darmowy free Omnibus: Not on sale szufladami,https://berkehome.pl/products/model-3d-toaletki-debowej-lili-no-1,Model 3D toaletki dębowej Lili No. 1 biurko dab darmowe darmowy free Omnibus: Not on sale szufladami 3D toaletka berke.
7169727004865,Model 3D toaletki dębowej Lili No. 2,model-3d-toaletki-debowej-lili-no-2,berke.,3D toaletka,biurko dab darmowe darmowy free Omnibus: Not on sale szufladami,https://berkehome.pl/products/model-3d-toaletki-debowej-lili-no-2,Model 3D toaletki dębowej Lili No. 2 biurko dab darmowe darmowy free Omnibus: Not on sale szufladami 3D toaletka berke.
7165778395329,Model 3D ławki dębowej Bench No. 1,model-3d-lawki-debowej-bench-no-1,berke.,3D siedzisko,dab darmowe darmowy free Omnibus: Not on sale,https://berkehome.pl/products/model-3d-lawki-debowej-bench-no-1,Model 3D ławki dębowej Bench No. 1 dab darmowe darmowy free Omnibus: Not on sale 3D siedzisko berke.
7328933118145,Model 3D Ławki dębowej Bench No. 2,model-3d-lawki-debowej-bench-no-2,berke.,3D siedzisko,dab Omnibus: Not on sale,https://berkehome.pl/products/model-3d-lawki-debowej-bench-no-2,Model 3D Ławki dębowej Bench No. 2 dab Omnibus: Not on sale 3D siedzisko berke.
7167862800577,Model 3D łóżka dębowego Angel,model-3d-lozka-debowego-angel-wood,berke.,3D łóżko,angel wood darmowe darmowy free Omnibus: Not on sale,https://berkehome.pl/products/model-3d-lozka-debowego-angel-wood,Model 3D łóżka dębowego Angel angel wood darmowe darmowy free Omnibus: Not on sale 3D łóżko berke.
7168288161985,Model 3D łóżka dębowego Flat,model-3d-lozka-debowego-flat-wood,berke.,3D łóżko,darmowe darmowy flat wood free Omnibus: Not on sale,https://berkehome.pl/products/model-3d-lozka-debowego-flat-wood,Model 3D łóżka dębowego Flat darmowe darmowy flat wood free Omnibus: Not on sale 3D łóżko berke.
8360268595547,Model 3D łóżka dębowego Flat Lite,model-3d-lozka-debowego-flat-lite,berke.,3D łóżko,dab flat wood japandi Omnibus: Not on sale,https://berkehome.pl/products/model-3d-lozka-debowego-flat-lite,Model 3D łóżka dębowego Flat Lite dab flat wood japandi Omnibus: Not on sale 3D łóżko berke.
7169367343297,Model 3D łóżka dębowego OL.WOOD,model-3d-lozka-debowego-ol-wood,berke.,3D łóżko,belgium grey bezbarwny dark grey Dark honey dark oak darmowe darmowy ebony free graphite havana indian ink lakier oak ol wood olejowosk Omnibus: Not on sale rustic teak walnut white,https://berkehome.pl/products/model-3d-lozka-debowego-ol-wood,Model 3D łóżka dębowego OL.WOOD belgium grey bezbarwny dark grey Dark honey dark oak darmowe darmowy ebony free graphite havana indian ink lakier oak ol wood olejowosk Omnibus: Not on sale rustic teak walnut white 3D łóżko berke.
7169632731329,Model 3D łóżka dębowego Shortie,model-3d-lozka-debowego-shortie-wood,berke.,3D łóżko,bezbarwny darmowe darmowy free havana lakier olejowosk Omnibus: Not on sale rustic shortie wood,https://berkehome.pl/products/model-3d-lozka-debowego-shortie-wood,Model 3D łóżka dębowego Shortie bezbarwny darmowe darmowy free havana lakier olejowosk Omnibus: Not on sale rustic shortie wood 3D łóżko berke.
7166674731201,Model 3D łóżka dębowego Slim,model-3d-lozka-debowego-slim-wood,berke.,3D łóżko,bestseller darmowe darmowy free Omnibus: Not on sale slim wood,https://berkehome.pl/products/model-3d-lozka-debowego-slim-wood,Model 3D łóżka dębowego Slim bestseller darmowe darmowy free Omnibus: Not on sale slim wood 3D łóżko berke.
8360836366683,Model 3D łóżka dębowego Slim Lite,model-3d-lozka-debowego-slim-lite,berke.,3D łóżko,02 _02 art-deco bestseller beżowe boho dab grey grey_02 kolekcja 02 kolekcja_02 kremowe Omnibus: Not on sale silver silver_02 slim wood szare taupe taupe_02,https://berkehome.pl/products/model-3d-lozka-debowego-slim-lite,Model 3D łóżka dębowego Slim Lite 02 _02 art-deco bestseller beżowe boho dab grey grey_02 kolekcja 02 kolekcja_02 kremowe Omnibus: Not on sale silver silver_02 slim wood szare taupe taupe_02 3D łóżko berke.
7167868076225,Model 3D łóżka dębowego z pojemnikiem Angel,model-3d-lozka-debowego-z-pojemnikiem-angel-wood,berke.,3D łóżko,angel wood darmowe darmowy free Omnibus: Not on sale,https://berkehome.pl/products/model-3d-lozka-debowego-z-pojemnikiem-angel-wood,Model 3D łóżka dębowego z pojemnikiem Angel angel wood darmowe darmowy free Omnibus: Not on sale 3D łóżko berke.
7167926599873,Model 3D łóżka dębowego z pojemnikiem Con,model-3d-lozka-debowego-z-pojemnikiem-con-wood,berke.,3D łóżko,con wood darmowe darmowy free Omnibus: Not on sale,https://berkehome.pl/products/model-3d-lozka-debowego-z-pojemnikiem-con-wood,Model 3D łóżka dębowego z pojemnikiem Con con wood darmowe darmowy free Omnibus: Not on sale 3D łóżko berke.
7168307757249,Model 3D łóżka dębowego z pojemnikiem Flat,model-3d-lozka-debowego-z-pojemnikiem-flat-wood,berke.,3D łóżko,darmowe darmowy flat wood free Omnibus: Not on sale,https://berkehome.pl/products/model-3d-lozka-debowego-z-pojemnikiem-flat-wood,Model 3D łóżka dębowego z pojemnikiem Flat darmowe darmowy flat wood free Omnibus: Not on sale 3D łóżko berke.
8360833679707,Model 3D łóżka dębowego z pojemnikiem Flat Lite,model-3d-lozka-debowego-z-pojemnikiem-flat-lite,berke.,3D łóżko,boho dab flat wood havana japandi Omnibus: Not on sale rustic,https://berkehome.pl/products/model-3d-lozka-debowego-z-pojemnikiem-flat-lite,Model 3D łóżka dębowego z pojemnikiem Flat Lite boho dab flat wood havana japandi Omnibus: Not on sale rustic 3D łóżko berke.
7167971721409,Model 3D łóżka dębowego z pojemnikiem More,model-3d-lozka-debowego-z-pojemnikiem-more-wood,berke.,3D łóżko,darmowe darmowy free more wood Omnibus: Not on sale,https://berkehome.pl/products/model-3d-lozka-debowego-z-pojemnikiem-more-wood,Model 3D łóżka dębowego z pojemnikiem More darmowe darmowy free more wood Omnibus: Not on sale 3D łóżko berke.
7169375731905,Model 3D łóżka dębowego z pojemnikiem OL.WOOD,model-3d-lozka-debowego-z-pojemnikiem-ol-wood,berke.,3D łóżko,belgium grey bezbarwny dark grey Dark honey dark oak darmowe darmowy ebony free graphite havana indian ink lakier oak ol wood olejowosk Omnibus: Not on sale rustic teak walnut white,https://berkehome.pl/products/model-3d-lozka-debowego-z-pojemnikiem-ol-wood,Model 3D łóżka dębowego z pojemnikiem OL.WOOD belgium grey bezbarwny dark grey Dark honey dark oak darmowe darmowy ebony free graphite havana indian ink lakier oak ol wood olejowosk Omnibus: Not on sale rustic teak walnut white 3D łóżko berke.
7168328401089,Model 3D łóżka dębowego z pojemnikiem Piko,model-3d-lozka-debowego-z-pojemnikiem-piko-wood,berke.,3D łóżko,darmowe darmowy free Omnibus: Not on sale piko wood,https://berkehome.pl/products/model-3d-lozka-debowego-z-pojemnikiem-piko-wood,Model 3D łóżka dębowego z pojemnikiem Piko darmowe darmowy free Omnibus: Not on sale piko wood 3D łóżko berke.
7165656498369,Model 3D łóżka dębowego z pojemnikiem Slim,lozko-debowe-z-pojemnikiem-slim-wood-140x200,berke.,3D łóżko,bestseller darmowe darmowy free Omnibus: Not on sale slim wood,https://berkehome.pl/products/lozko-debowe-z-pojemnikiem-slim-wood-140x200,Model 3D łóżka dębowego z pojemnikiem Slim bestseller darmowe darmowy free Omnibus: Not on sale slim wood 3D łóżko berke.
8360875589979,Model 3D łóżka dębowego z pojemnikiem Slim Lite,model-3d-lozka-debowego-z-pojemnikiem-slim-lite,berke.,3D łóżko,02 _02 art-deco bestseller beżowe dab grey grey_02 kolekcja 02 kolekcja_02 kremowe Omnibus: Not on sale silver silver_02 slim wood szare taupe taupe_02,https://berkehome.pl/products/model-3d-lozka-debowego-z-pojemnikiem-slim-lite,Model 3D łóżka dębowego z pojemnikiem Slim Lite 02 _02 art-deco bestseller beżowe dab grey grey_02 kolekcja 02 kolekcja_02 kremowe Omnibus: Not on sale silver silver_02 slim wood szare taupe taupe_02 3D łóżko berke.
7169635647681,Model 3D łóżka loftowego Som,model-3d-lozka-loftowego-som-wood,berke.,3D łóżko,darmowe darmowy free Omnibus: Not on sale som wood,https://berkehome.pl/products/model-3d-lozka-loftowego-som-wood,Model 3D łóżka loftowego Som darmowe darmowy free Omnibus: Not on sale som wood 3D łóżko berke.
7167881969857,Model 3D łóżka tapicerowanego Angel,model-lozka-tapicerowanego-angel-soft,berke.,3D łóżko,angel soft darmowe darmowy free Omnibus: Not on sale,https://berkehome.pl/products/model-lozka-tapicerowanego-angel-soft,Model 3D łóżka tapicerowanego Angel angel soft darmowe darmowy free Omnibus: Not on sale 3D łóżko berke.
7168309854401,Model 3D łóżka tapicerowanego Flat,model-3d-lozka-tapicerowanego-flat-soft,berke.,3D łóżko,darmowe darmowy flat soft free Omnibus: Not on sale,https://berkehome.pl/products/model-3d-lozka-tapicerowanego-flat-soft,Model 3D łóżka tapicerowanego Flat darmowe darmowy flat soft free Omnibus: Not on sale 3D łóżko berke.
7166728536257,Model 3D łóżka tapicerowanego Slim,model-3d-lozka-tapicerowanego-slim-soft,berke.,3D łóżko,darmowe darmowy free Omnibus: Not on sale slim soft,https://berkehome.pl/products/model-3d-lozka-tapicerowanego-slim-soft,Model 3D łóżka tapicerowanego Slim darmowe darmowy free Omnibus: Not on sale slim soft 3D łóżko berke.
7167882690753,Model 3D łóżka tapicerowanego z pojemnikiem Angel,model-3d-lozka-tapicerowanego-z-pojemnikiem-angel-soft,berke.,3D łóżko,angel soft darmowe darmowy free Omnibus: Not on sale,https://berkehome.pl/products/model-3d-lozka-tapicerowanego-z-pojemnikiem-angel-soft,Model 3D łóżka tapicerowanego z pojemnikiem Angel angel soft darmowe darmowy free Omnibus: Not on sale 3D łóżko berke.
7167911264449,Model 3D łóżka tapicerowanego z pojemnikiem Con,model-3d-lozka-tapicerowanego-z-pojemnikiem-con-soft,berke.,3D łóżko,darmowe darmowy free Omnibus: Not on sale,https://berkehome.pl/products/model-3d-lozka-tapicerowanego-z-pojemnikiem-con-soft,Model 3D łóżka tapicerowanego z pojemnikiem Con darmowe darmowy free Omnibus: Not on sale 3D łóżko berke.
7168311165121,Model 3D łóżka tapicerowanego z pojemnikiem Flat,model-3d-lozka-tapicerowanego-z-pojemnikiem-flat-soft,berke.,3D łóżko,darmowe darmowy flat soft free Omnibus: Not on sale,https://berkehome.pl/products/model-3d-lozka-tapicerowanego-z-pojemnikiem-flat-soft,Model 3D łóżka tapicerowanego z pojemnikiem Flat darmowe darmowy flat soft free Omnibus: Not on sale 3D łóżko berke.
7167967330497,Model 3D łóżka tapicerowanego z pojemnikiem More,model-3d-lozka-tapicerowanego-z-pojemnikiem-more-soft,berke.,3D łóżko,darmowe darmowy free more soft Omnibus: Not on sale,https://berkehome.pl/products/model-3d-lozka-tapicerowanego-z-pojemnikiem-more-soft,Model 3D łóżka tapicerowanego z pojemnikiem More darmowe darmowy free more soft Omnibus: Not on sale 3D łóżko berke.
7168315523265,Model 3D łóżka tapicerowanego z pojemnikiem Piko,model-3d-lozka-tapicerowanego-z-pojemnikiem-piko-soft,berke.,3D łóżko,darmowe darmowy free Omnibus: Not on sale piko soft,https://berkehome.pl/products/model-3d-lozka-tapicerowanego-z-pojemnikiem-piko-soft,Model 3D łóżka tapicerowanego z pojemnikiem Piko darmowe darmowy free Omnibus: Not on sale piko soft 3D łóżko berke.
7167800869057,Model 3D łóżka tapicerowanego z pojemnikiem Slim,model-3d-lozka-tapicerowanego-z-pojemnikiem-slim-soft,berke.,3D łóżko,darmowe darmowy free Omnibus: Not on sale slim soft,https://berkehome.pl/products/model-3d-lozka-tapicerowanego-z-pojemnikiem-slim-soft,Model 3D łóżka tapicerowanego z pojemnikiem Slim darmowe darmowy free Omnibus: Not on sale slim soft 3D łóżko berke.
7545933496513,Oak Bed Slim,berke-plus-konfigurator-lozko-debowe-slim,berke.,cpb_product,Omnibus: Not on sale,https://berkehome.pl/products/berke-plus-konfigurator-lozko-debowe-slim,Oak Bed Slim Omnibus: Not on sale cpb_product berke.
8369814667611,Oak Bed Slim (Width 160),berke-plus-konfigurator-lozko-debowe-slim-4,berke.,cpb_product,Omnibus: Not on sale,https://berkehome.pl/products/berke-plus-konfigurator-lozko-debowe-slim-4,Oak Bed Slim (Width 160) Omnibus: Not on sale cpb_product berke.
8358525305179,Oak Bed Slim (Width 160) - Customer's Product with price 3707.00 ID b5mxOdMoQnq978raU5qZdvzX,oak-bed-slim-width-160-customers-product-with-price-3707-00-id-b5mxodmoqnq978rau5qzdvzx,related_to_8356619485531,cpb_ordered,Omnibus: Not on sale,https://berkehome.pl/products/oak-bed-slim-width-160-customers-product-with-price-3707-00-id-b5mxodmoqnq978rau5qzdvzx,Oak Bed Slim (Width 160) - Customer's Product with price 3707.00 ID b5mxOdMoQnq978raU5qZdvzX Omnibus: Not on sale cpb_ordered related_to_8356619485531
8369795760475,Oak Bed Slim (Width 160) - Customer's Product with price 3859.00 ID _h_e38uxAQxJKo3W9jKRnFxI,oak-bed-slim-width-160-customers-product-with-price-3859-00-id-_h_e38uxaqxjko3w9jkrnfxi,related_to_8356619485531,cpb_ordered,Omnibus: Not on sale related_to_8356619485531,https://berkehome.pl/products/oak-bed-slim-width-160-customers-product-with-price-3859-00-id-_h_e38uxaqxjko3w9jkrnfxi,Oak Bed Slim (Width 160) - Customer's Product with price 3859.00 ID _h_e38uxAQxJKo3W9jKRnFxI Omnibus: Not on sale related_to_8356619485531 cpb_ordered related_to_8356619485531
8358521864539,Oak Bed Slim (Width 160) - Customer's Product with price 4638.00 ID 6YNcNp-JGmJyJKTcYGcOYWa9,oak-bed-slim-width-160-customers-product-with-price-4638-00-id-6yncnp-jgmjyjktcygcoywa9,related_to_8356619485531,cpb_ordered,Omnibus: Not on sale,https://berkehome.pl/products/oak-bed-slim-width-160-customers-product-with-price-4638-00-id-6yncnp-jgmjyjktcygcoywa9,Oak Bed Slim (Width 160) - Customer's Product with price 4638.00 ID 6YNcNp-JGmJyJKTcYGcOYWa9 Omnibus: Not on sale cpb_ordered related_to_8356619485531
8358522224987,Oak Bed Slim (Width 160) - Customer's Product with price 4638.00 ID KPaFAL1pldsjeYhl_88xBtWt,oak-bed-slim-width-160-customers-product-with-price-4638-00-id-kpafal1pldsjeyhl_88xbtwt,related_to_8356619485531,cpb_ordered,Omnibus: Not on sale,https://berkehome.pl/products/oak-bed-slim-width-160-customers-product-with-price-4638-00-id-kpafal1pldsjeyhl_88xbtwt,Oak Bed Slim (Width 160) - Customer's Product with price 4638.00 ID KPaFAL1pldsjeYhl_88xBtWt Omnibus: Not on sale cpb_ordered related_to_8356619485531
8358523863387,Oak Bed Slim (Width 160) - Customer's Product with price 4638.00 ID UJCTZlR64KDDlw5REv1O4-pI,oak-bed-slim-width-160-customers-product-with-price-4638-00-id-ujctzlr64kddlw5rev1o4-pi,related_to_8356619485531,cpb_ordered,Omnibus: Not on sale,https://berkehome.pl/products/oak-bed-slim-width-160-customers-product-with-price-4638-00-id-ujctzlr64kddlw5rev1o4-pi,Oak Bed Slim (Width 160) - Customer's Product with price 4638.00 ID UJCTZlR64KDDlw5REv1O4-pI Omnibus: Not on sale cpb_ordered related_to_8356619485531
8358526353755,Oak Bed Slim (Width 160) - Customer's Product with price 4762.00 ID 6gfsAHxhHF05js5y6kFwpnup,oak-bed-slim-width-160-customers-product-with-price-4762-00-id-6gfsahxhhf05js5y6kfwpnup,related_to_8356619485531,cpb_ordered,Omnibus: Not on sale,https://berkehome.pl/products/oak-bed-slim-width-160-customers-product-with-price-4762-00-id-6gfsahxhhf05js5y6kfwpnup,Oak Bed Slim (Width 160) - Customer's Product with price 4762.00 ID 6gfsAHxhHF05js5y6kFwpnup Omnibus: Not on sale cpb_ordered related_to_8356619485531
8358525927771,Oak Bed Slim (Width 160) - Customer's Product with price 5192.00 ID fI5ghGtj6zi28Xff648WqoVa,oak-bed-slim-width-160-customers-product-with-price-5192-00-id-fi5ghgtj6zi28xff648wqova,related_to_8356619485531,cpb_ordered,Omnibus: Not on sale,https://berkehome.pl/products/oak-bed-slim-width-160-customers-product-with-price-5192-00-id-fi5ghgtj6zi28xff648wqova,Oak Bed Slim (Width 160) - Customer's Product with price 5192.00 ID fI5ghGtj6zi28Xff648WqoVa Omnibus: Not on sale cpb_ordered related_to_8356619485531
8358521405787,Oak Bed Slim (Width 160) - Customer's Product with price 5511.00 ID 6jY2Fg6NgOibf-VrIggV_hU2,oak-bed-slim-width-160-customers-product-with-price-5511-00-id-6jy2fg6ngoibf-vriggv_hu2,related_to_8356619485531,cpb_ordered,Omnibus: Not on sale,https://berkehome.pl/products/oak-bed-slim-width-160-customers-product-with-price-5511-00-id-6jy2fg6ngoibf-vriggv_hu2,Oak Bed Slim (Width 160) - Customer's Product with price 5511.00 ID 6jY2Fg6NgOibf-VrIggV_hU2 Omnibus: Not on sale cpb_ordered related_to_8356619485531
8396432605531,Oak Storage Bed Slim (Width 160),berke-plus-konfigurator-lozko-debowe-slim-5,berke.,cpb_product,Omnibus: Not on sale,https://berkehome.pl/products/berke-plus-konfigurator-lozko-debowe-slim-5,Oak Storage Bed Slim (Width 160) Omnibus: Not on sale cpb_product berke.
6959681405121,Próbka drewna Belgium grey,probka-drewna-belgium-grey,berke.,"Próbki mat, drew",odcień drewna_rustykalny Omnibus: Not on sale,https://berkehome.pl/products/probka-drewna-belgium-grey,"Próbka drewna Belgium grey odcień drewna_rustykalny Omnibus: Not on sale Próbki mat, drew berke."
6959669772481,Próbka drewna Dark honey,probka-drewna-dark-honey,berke.,"Próbki mat, drew",odcień drewna_ciemny odcień drewna_ciepły Omnibus: Not on sale,https://berkehome.pl/products/probka-drewna-dark-honey,"Próbka drewna Dark honey odcień drewna_ciemny odcień drewna_ciepły Omnibus: Not on sale Próbki mat, drew berke."
6959676358849,Próbka drewna Dark oak,probka-drewna-dark-oak,berke.,"Próbki mat, drew",odcień drewna_ciemny odcień drewna_rustykalny Omnibus: Not on sale,https://berkehome.pl/products/probka-drewna-dark-oak,"Próbka drewna Dark oak odcień drewna_ciemny odcień drewna_rustykalny Omnibus: Not on sale Próbki mat, drew berke."
6959682224321,Próbka drewna Ebony,probka-drewna-ebony,berke.,"Próbki mat, drew",odcień drewna_ciemny Omnibus: Not on sale,https://berkehome.pl/products/probka-drewna-ebony,"Próbka drewna Ebony odcień drewna_ciemny Omnibus: Not on sale Próbki mat, drew berke."
6959685730497,Próbka drewna Graphite grey,probka-drewna-graphite-grey,berke.,"Próbki mat, drew",odcień drewna_rustykalny Omnibus: Not on sale,https://berkehome.pl/products/probka-drewna-graphite-grey,"Próbka drewna Graphite grey odcień drewna_rustykalny Omnibus: Not on sale Próbki mat, drew berke."
6959666823361,Próbka drewna Havana,probka-drewna-havana,berke.,"Próbki mat, drew",odcień drewna_ciemny Omnibus: Not on sale,https://berkehome.pl/products/probka-drewna-havana,"Próbka drewna Havana odcień drewna_ciemny Omnibus: Not on sale Próbki mat, drew berke."
6959686811841,Próbka drewna Indian ink,probka-drewna-indian-ink,berke.,Próbki drewna,odcień drewna_ciemny Omnibus: Not on sale,https://berkehome.pl/products/probka-drewna-indian-ink,Próbka drewna Indian ink odcień drewna_ciemny Omnibus: Not on sale Próbki drewna berke.
6959687991489,Próbka drewna Light oak,probka-drewna-light-oak,berke.,"Próbki mat, drew",odcień drewna_ciepły Omnibus: Not on sale,https://berkehome.pl/products/probka-drewna-light-oak,"Próbka drewna Light oak odcień drewna_ciepły Omnibus: Not on sale Próbki mat, drew berke."
6959673376961,Próbka drewna Light white,probka-drewna-light-white,berke.,"Próbki mat, drew",odcień drewna_bielony odcień drewna_chłodny Omnibus: Not on sale,https://berkehome.pl/products/probka-drewna-light-white,"Próbka drewna Light white odcień drewna_bielony odcień drewna_chłodny Omnibus: Not on sale Próbki mat, drew berke."
6959657779393,Próbka drewna Natural Lacquer,probka-drewna-lakier-bezbarwny,berke.,"Próbki mat, drew",odcień drewna_chłodny odcień drewna_naturalny Omnibus: Not on sale,https://berkehome.pl/products/probka-drewna-lakier-bezbarwny,"Próbka drewna Natural Lacquer odcień drewna_chłodny odcień drewna_naturalny Omnibus: Not on sale Próbki mat, drew berke."
6959547482305,Próbka drewna Natural Oil-wax,probka-drewna-olejowosk-bezbarwny,berke.,"Próbki mat, drew",odcień drewna_naturalny Omnibus: Not on sale,https://berkehome.pl/products/probka-drewna-olejowosk-bezbarwny,"Próbka drewna Natural Oil-wax odcień drewna_naturalny Omnibus: Not on sale Próbki mat, drew berke."
6959674785985,Próbka drewna Rustic,probka-drewna-rustic,berke.,"Próbki mat, drew",odcień drewna_ciemny odcień drewna_rustykalny Omnibus: Not on sale,https://berkehome.pl/products/probka-drewna-rustic,"Próbka drewna Rustic odcień drewna_ciemny odcień drewna_rustykalny Omnibus: Not on sale Próbki mat, drew berke."
6959689498817,Próbka drewna Teak,probka-drewna-teak,berke.,"Próbki mat, drew",odcień drewna_ciepły Omnibus: Not on sale,https://berkehome.pl/products/probka-drewna-teak,"Próbka drewna Teak odcień drewna_ciepły Omnibus: Not on sale Próbki mat, drew berke."
6959672262849,Próbka drewna Walnut,probka-drewna-walnut,berke.,"Próbki mat, drew",odcień drewna_ciepły Omnibus: Not on sale,https://berkehome.pl/products/probka-drewna-walnut,"Próbka drewna Walnut odcień drewna_ciepły Omnibus: Not on sale Próbki mat, drew berke."
6959680028865,Próbka drewna White oak,probka-drewna-white-oak,berke.,"Próbki mat, drew",odcień drewna_bielony Omnibus: Not on sale,https://berkehome.pl/products/probka-drewna-white-oak,"Próbka drewna White oak odcień drewna_bielony Omnibus: Not on sale Próbki mat, drew berke."
7188731756737,Próbki materiałów kolekcja_02,probki-materialow-kolekcja_02,FARGOTEX,Tkaniny,02 _02 beżowe black black_02 Bottle green Bottle green_02 czarne czarny Dark grey_02 granatowy green grey grey_02 kolekcja 02 kolekcja_02 kolor_różowy Navy blue Navy blue_02 niebieski Omnibus: Not on sale pearl Peral_02 pink pink_02 rodzaj_szenil różowe różowyzielony silver silver_02 Slag Slag_02 szare taupe taupe_02,https://berkehome.pl/products/probki-materialow-kolekcja_02,Próbki materiałów kolekcja_02 02 _02 beżowe black black_02 Bottle green Bottle green_02 czarne czarny Dark grey_02 granatowy green grey grey_02 kolekcja 02 kolekcja_02 kolor_różowy Navy blue Navy blue_02 niebieski Omnibus: Not on sale pearl Peral_02 pink pink_02 rodzaj_szenil różowe różowyzielony silver silver_02 Slag Slag_02 szare taupe taupe_02 Tkaniny FARGOTEX
7188833763521,Próbki materiałów kolekcja_19,probki-materialow-kolekcja_19,berke.,"Próbki mat, drew",19 _19 anthracite anthracite_19 antique antique pink_19 beige beige_19 blue blue_19 Bottle green cream cream_19 green green_19 grey grey_19 khaki khaki_19 kolekcja_19 light navy blue_19 Omnibus: Not on sale pink pink_19 silver silver_19 steel steel_19,https://berkehome.pl/products/probki-materialow-kolekcja_19,"Próbki materiałów kolekcja_19 19 _19 anthracite anthracite_19 antique antique pink_19 beige beige_19 blue blue_19 Bottle green cream cream_19 green green_19 grey grey_19 khaki khaki_19 kolekcja_19 light navy blue_19 Omnibus: Not on sale pink pink_19 silver silver_19 steel steel_19 Próbki mat, drew berke."
7188847820993,Próbki materiałów kolekcja_21,probki-materialow-kolekcja_21,berke.,"Próbki mat, drew",21 _21 anthracite anthracite_21 beige beige_21 blue brown brown_21 cream cream_21 dark grey grey_21 kolekcja_21 Navy blue navy blue_21 Omnibus: Not on sale peach peach_21 pink pink_21 platinum silver silver_21 steel steel_21 taupe taupe_21,https://berkehome.pl/products/probki-materialow-kolekcja_21,"Próbki materiałów kolekcja_21 21 _21 anthracite anthracite_21 beige beige_21 blue brown brown_21 cream cream_21 dark grey grey_21 kolekcja_21 Navy blue navy blue_21 Omnibus: Not on sale peach peach_21 pink pink_21 platinum silver silver_21 steel steel_21 taupe taupe_21 Próbki mat, drew berke."
7188902183105,Próbki materiałów kolekcja_25,probki-materialow-kolekcja_25,berke.,"Próbki mat, drew",25 _25 beige beige_25 blue blue_25 Bottle green dark graphite graphite_25 green green_25 grey grey_25 kolekcja_25 mint mint_25 mustard mustard_25 navy Navy blue Omnibus: Not on sale pink pink_25 silver silver_25 stone stone_25 taupe taupe_25 właściwości_magic clean,https://berkehome.pl/products/probki-materialow-kolekcja_25,"Próbki materiałów kolekcja_25 25 _25 beige beige_25 blue blue_25 Bottle green dark graphite graphite_25 green green_25 grey grey_25 kolekcja_25 mint mint_25 mustard mustard_25 navy Navy blue Omnibus: Not on sale pink pink_25 silver silver_25 stone stone_25 taupe taupe_25 właściwości_magic clean Próbki mat, drew berke."
7188911227073,Próbki materiałów kolekcja_26,probki-materialow-kolekcja_26,berke.,"Próbki mat, drew",_26 beige beige_26 cold cream cream_26 grey grey_26 light Omnibus: Not on sale,https://berkehome.pl/products/probki-materialow-kolekcja_26,"Próbki materiałów kolekcja_26 _26 beige beige_26 cold cream cream_26 grey grey_26 light Omnibus: Not on sale Próbki mat, drew berke."
7188978467009,Próbki materiałów kolekcja_29,probki-materialu-kolekcja_29,berke.,"Próbki mat, drew",_29 black black_29 blue blue_29 denim denim_29 dust dust_29 navy Omnibus: Not on sale steel_29 taupe taupe_29,https://berkehome.pl/products/probki-materialu-kolekcja_29,"Próbki materiałów kolekcja_29 _29 black black_29 blue blue_29 denim denim_29 dust dust_29 navy Omnibus: Not on sale steel_29 taupe taupe_29 Próbki mat, drew berke."
7188998389953,Próbki materiałów kolekcja_30,probki-materialow-kolekcja_30,berke.,"Próbki mat, drew",_30 black black_30 blue Bottle green brown brown_30 cream cream_30 dark desert desert_30 dust Dust_30 green green_30 grey Grey_30 light marine Marine_30 mustard Mustard_30 navy Navy blue navy blue_30 Omnibus: Not on sale pink Pink_30 taupe taupe_30 weed Weed_30,https://berkehome.pl/products/probki-materialow-kolekcja_30,"Próbki materiałów kolekcja_30 _30 black black_30 blue Bottle green brown brown_30 cream cream_30 dark desert desert_30 dust Dust_30 green green_30 grey Grey_30 light marine Marine_30 mustard Mustard_30 navy Navy blue navy blue_30 Omnibus: Not on sale pink Pink_30 taupe taupe_30 weed Weed_30 Próbki mat, drew berke."
7189026537665,Próbki materiałów kolekcja_31,probki-materialow-kolekcja_31,berke.,"Próbki mat, drew",_31 beige beige_31 black black_31 blue blue_31 blue_31mustard_31 cream cream_31 dust dust_31 graphite Graphite_31 green green_31 grey grey_#! light mustard navy Navy blue Omnibus: Not on sale pink pink_31 stone stone_31 violet violet_31,https://berkehome.pl/products/probki-materialow-kolekcja_31,"Próbki materiałów kolekcja_31 _31 beige beige_31 black black_31 blue blue_31 blue_31mustard_31 cream cream_31 dust dust_31 graphite Graphite_31 green green_31 grey grey_#! light mustard navy Navy blue Omnibus: Not on sale pink pink_31 stone stone_31 violet violet_31 Próbki mat, drew berke."
7189053702337,Próbki materiałów kolekcja_32,probki-materialow-kolekcja_32,berke.,"Próbki mat, drew",_32 beige blue blue_32 Bottle green cream cream_32 foxy foxy_32 graphite graphite_32 green green_32 grey grey_32 marine marine_32 mustard mustard_32 navy Navy blue Omnibus: Not on sale pink pink_32 silver silver_32 stone stone_32 taupe taupe_32,https://berkehome.pl/products/probki-materialow-kolekcja_32,"Próbki materiałów kolekcja_32 _32 beige blue blue_32 Bottle green cream cream_32 foxy foxy_32 graphite graphite_32 green green_32 grey grey_32 marine marine_32 mustard mustard_32 navy Navy blue Omnibus: Not on sale pink pink_32 silver silver_32 stone stone_32 taupe taupe_32 Próbki mat, drew berke."
7189061959873,Próbki materiałów kolekcja_33,probki-materialow-kolekcja_33,berke.,"Próbki mat, drew",_33 cement cement_33 nude nude_33 old Omnibus: Not on sale pearl pearl_33 pink pink_33 toffee toffee_33,https://berkehome.pl/products/probki-materialow-kolekcja_33,"Próbki materiałów kolekcja_33 _33 cement cement_33 nude nude_33 old Omnibus: Not on sale pearl pearl_33 pink pink_33 toffee toffee_33 Próbki mat, drew berke."
7189102592193,Próbki materiałów kolekcja_34,probki-materialow-kolekcja_34,berke.,"Próbki mat, drew",_34 cream cream_34 graphite graphite_34 Omnibus: Not on sale pearl pearl_34 taupe taupe_34 toffee toffee_34,https://berkehome.pl/products/probki-materialow-kolekcja_34,"Próbki materiałów kolekcja_34 _34 cream cream_34 graphite graphite_34 Omnibus: Not on sale pearl pearl_34 taupe taupe_34 toffee toffee_34 Próbki mat, drew berke."
8365410320731,Próbki materiałów kolekcja_36,probki-materialow-kolekcja_36,FARGOTEX,Tkaniny,beżowe black Bottle green czarne czarny granatowy green grey kolor_różowy Navy blue niebieski Omnibus: Not on sale pearl Peral_02 pink rodzaj_szenil różowe różowyzielony silver szare taupe,https://berkehome.pl/products/probki-materialow-kolekcja_36,Próbki materiałów kolekcja_36 beżowe black Bottle green czarne czarny granatowy green grey kolor_różowy Navy blue niebieski Omnibus: Not on sale pearl Peral_02 pink rodzaj_szenil różowe różowyzielony silver szare taupe Tkaniny FARGOTEX
8365446267227,Próbki materiałów kolekcja_37,probki-materialow-kolekcja_37,FARGOTEX,Tkaniny,beżowe black czarne czarny granatowy green grey kolor_różowy Navy blue niebieski Omnibus: Not on sale pearl Peral_02 pink rodzaj_szenil różowe różowyzielony silver szare taupe,https://berkehome.pl/products/probki-materialow-kolekcja_37,Próbki materiałów kolekcja_37 beżowe black czarne czarny granatowy green grey kolor_różowy Navy blue niebieski Omnibus: Not on sale pearl Peral_02 pink rodzaj_szenil różowe różowyzielony silver szare taupe Tkaniny FARGOTEX
8365456195931,Próbki materiałów kolekcja_38,probki-materialow-kolekcja_38,FARGOTEX,Tkaniny,beżowe black czarne czarny granatowy green grey kolor_różowy Navy blue niebieski Omnibus: Not on sale pearl Peral_02 pink rodzaj_szenil różowe różowyzielony silver szare taupe,https://berkehome.pl/products/probki-materialow-kolekcja_38,Próbki materiałów kolekcja_38 beżowe black czarne czarny granatowy green grey kolor_różowy Navy blue niebieski Omnibus: Not on sale pearl Peral_02 pink rodzaj_szenil różowe różowyzielony silver szare taupe Tkaniny FARGOTEX
8366620475739,Próbki materiałów kolekcja_39,probki-materialow-kolekcja_39,FARGOTEX,Tkaniny,beżowe black czarne czarny granatowy green grey kolor_różowy Navy blue niebieski Omnibus: Not on sale pearl Peral_02 pink rodzaj_szenil różowe różowyzielony silver szare taupe,https://berkehome.pl/products/probki-materialow-kolekcja_39,Próbki materiałów kolekcja_39 beżowe black czarne czarny granatowy green grey kolor_różowy Navy blue niebieski Omnibus: Not on sale pearl Peral_02 pink rodzaj_szenil różowe różowyzielony silver szare taupe Tkaniny FARGOTEX
8366639546715,Próbki materiałów kolekcja_40,probki-materialow-kolekcja_40,FARGOTEX,Tkaniny,beżowe black czarne czarny granatowy green grey kolor_różowy Navy blue niebieski Omnibus: Not on sale pearl Peral_02 pink rodzaj_szenil różowe różowyzielony silver szare taupe,https://berkehome.pl/products/probki-materialow-kolekcja_40,Próbki materiałów kolekcja_40 beżowe black czarne czarny granatowy green grey kolor_różowy Navy blue niebieski Omnibus: Not on sale pearl Peral_02 pink rodzaj_szenil różowe różowyzielony silver szare taupe Tkaniny FARGOTEX
8366660125019,Próbki materiałów kolekcja_41,probki-materialow-kolekcja_41,FARGOTEX,Tkaniny,beżowe black czarne czarny granatowy green grey kolor_różowy Navy blue niebieski Omnibus: Not on sale pearl Peral_02 pink rodzaj_szenil różowe różowyzielony silver szare taupe,https://berkehome.pl/products/probki-materialow-kolekcja_41,Próbki materiałów kolekcja_41 beżowe black czarne czarny granatowy green grey kolor_różowy Navy blue niebieski Omnibus: Not on sale pearl Peral_02 pink rodzaj_szenil różowe różowyzielony silver szare taupe Tkaniny FARGOTEX
8366686470491,Próbki materiałów kolekcja_42,probki-materialow-kolekcja_42,FARGOTEX,Tkaniny,beżowe black czarne czarny granatowy green grey kolor_różowy Navy blue niebieski Omnibus: Not on sale pearl Peral_02 pink rodzaj_szenil różowe różowyzielony silver szare taupe,https://berkehome.pl/products/probki-materialow-kolekcja_42,Próbki materiałów kolekcja_42 beżowe black czarne czarny granatowy green grey kolor_różowy Navy blue niebieski Omnibus: Not on sale pearl Peral_02 pink rodzaj_szenil różowe różowyzielony silver szare taupe Tkaniny FARGOTEX
8366705705307,Próbki materiałów kolekcja_43,probki-materialow-kolekcja_43,FARGOTEX,Tkaniny,beżowe black czarne czarny granatowy green grey kolor_różowy Navy blue niebieski Omnibus: Not on sale pearl Peral_02 pink rodzaj_szenil różowe różowyzielony silver szare taupe,https://berkehome.pl/products/probki-materialow-kolekcja_43,Próbki materiałów kolekcja_43 beżowe black czarne czarny granatowy green grey kolor_różowy Navy blue niebieski Omnibus: Not on sale pearl Peral_02 pink rodzaj_szenil różowe różowyzielony silver szare taupe Tkaniny FARGOTEX
8366713241947,Próbki materiałów kolekcja_44,probki-materialow-kolekcja_44,FARGOTEX,Tkaniny,beżowe black czarne czarny granatowy green grey kolor_różowy Navy blue niebieski Omnibus: Not on sale pearl Peral_02 pink rodzaj_szenil różowe różowyzielony silver szare taupe,https://berkehome.pl/products/probki-materialow-kolekcja_44,Próbki materiałów kolekcja_44 beżowe black czarne czarny granatowy green grey kolor_różowy Navy blue niebieski Omnibus: Not on sale pearl Peral_02 pink rodzaj_szenil różowe różowyzielony silver szare taupe Tkaniny FARGOTEX
7186863194305,Stolik dębowy Cube No. 2,stolik-debowy-cube-no-2,berke.,Stoliki nocne,art-deco boho dab japandi komoda Omnibus: Not on sale szafka nocka szufladami,https://berkehome.pl/products/stolik-debowy-cube-no-2,Stolik dębowy Cube No. 2 art-deco boho dab japandi komoda Omnibus: Not on sale szafka nocka szufladami Stoliki nocne berke.
7186890064065,Stolik dębowy Naby No. 1,stolik-debowy-naby-no-1,berke.,Stoliki nocne,art-deco boho dab japandi komoda Omnibus: Not on sale szafka nocka szufladami,https://berkehome.pl/products/stolik-debowy-naby-no-1,Stolik dębowy Naby No. 1 art-deco boho dab japandi komoda Omnibus: Not on sale szafka nocka szufladami Stoliki nocne berke.
7282983665857,Stolik dębowy Natt No. 1,stolik-debowy-natt-no-1,berke.,Stoliki nocne,art-deco boho dab japandi komoda Omnibus: Not on sale szafka nocka szufladami,https://berkehome.pl/products/stolik-debowy-natt-no-1,Stolik dębowy Natt No. 1 art-deco boho dab japandi komoda Omnibus: Not on sale szafka nocka szufladami Stoliki nocne berke.
7186895274177,Stolik dębowy Tabb No. 1,stolik-debowy-tabb-no-1,berke.,Stoliki nocne,art-deco boho dab japandi komoda Omnibus: Not on sale szafka nocka szufladami,https://berkehome.pl/products/stolik-debowy-tabb-no-1,Stolik dębowy Tabb No. 1 art-deco boho dab japandi komoda Omnibus: Not on sale szafka nocka szufladami Stoliki nocne berke.
7282234917057,Stołek barowy Hoker No. 1,debowy-hoker-no-1,berke.,Ławki,art-deco boho dab japandi krzeslo kuchni kuchnia lity Omnibus: Not on sale siedzisko stolek,https://berkehome.pl/products/debowy-hoker-no-1,Stołek barowy Hoker No. 1 art-deco boho dab japandi krzeslo kuchni kuchnia lity Omnibus: Not on sale siedzisko stolek Ławki berke.
7166439620801,Tekstury drewna dębowego,materialy-pbr-drewno,berke.,PBR drewno,darmowe darmowy free Omnibus: Not on sale,https://berkehome.pl/products/materialy-pbr-drewno,Tekstury drewna dębowego darmowe darmowy free Omnibus: Not on sale PBR drewno berke.
7169832091841,Tekstury materiałów z kolekcji _02,tekstury-materialow-z-kolekcji-_02,berke.,PBR materiał,czarne czarny darmowe darmowy free Omnibus: Not on sale,https://berkehome.pl/products/tekstury-materialow-z-kolekcji-_02,Tekstury materiałów z kolekcji _02 czarne czarny darmowe darmowy free Omnibus: Not on sale PBR materiał berke.
7169899266241,Tekstury materiałów z kolekcji _19,tekstury-materialow-z-kolekcji-_19,FARGOTEX,PBR materiał,darmowe darmowy free Omnibus: Not on sale,https://berkehome.pl/products/tekstury-materialow-z-kolekcji-_19,Tekstury materiałów z kolekcji _19 darmowe darmowy free Omnibus: Not on sale PBR materiał FARGOTEX
7170264268993,Tekstury materiałów z kolekcji _21,tekstury-materialow-z-kolekcji-_21,FARGOTEX,PBR materiał,darmowe darmowy free Omnibus: Not on sale,https://berkehome.pl/products/tekstury-materialow-z-kolekcji-_21,Tekstury materiałów z kolekcji _21 darmowe darmowy free Omnibus: Not on sale PBR materiał FARGOTEX
7170280227009,Tekstury materiałów z kolekcji _25,tekstury-materialow-z-kolekcji-_25,berke.,PBR materiał,darmowe darmowy free Omnibus: Not on sale,https://berkehome.pl/products/tekstury-materialow-z-kolekcji-_25,Tekstury materiałów z kolekcji _25 darmowe darmowy free Omnibus: Not on sale PBR materiał berke.
7170314436801,Tekstury materiałów z kolekcji _26,tekstury-materialow-z-kolekcji-_26,FARGOTEX,PBR materiał,darmowe darmowy free Omnibus: Not on sale,https://berkehome.pl/products/tekstury-materialow-z-kolekcji-_26,Tekstury materiałów z kolekcji _26 darmowe darmowy free Omnibus: Not on sale PBR materiał FARGOTEX
7170986770625,Tekstury materiałów z kolekcji _29,tekstury-materialow-z-kolekcji-_29,FARGOTEX,PBR materiał,darmowe darmowy free Omnibus: Not on sale,https://berkehome.pl/products/tekstury-materialow-z-kolekcji-_29,Tekstury materiałów z kolekcji _29 darmowe darmowy free Omnibus: Not on sale PBR materiał FARGOTEX
7170988245185,Tekstury materiałów z kolekcji _30,tekstury-materialow-z-kolekcji-_30,berke.,PBR materiał,darmowe darmowy free Omnibus: Not on sale,https://berkehome.pl/products/tekstury-materialow-z-kolekcji-_30,Tekstury materiałów z kolekcji _30 darmowe darmowy free Omnibus: Not on sale PBR materiał berke.
7170988572865,Tekstury materiałów z kolekcji _31,tekstury-materialow-z-kolekcji-_31,berke,PBR materiał,darmowe darmowy free Omnibus: Not on sale,https://berkehome.pl/products/tekstury-materialow-z-kolekcji-_31,Tekstury materiałów z kolekcji _31 darmowe darmowy free Omnibus: Not on sale PBR materiał berke
7170990178497,Tekstury materiałów z kolekcji _32,tekstury-materialow-z-kolekcji-_32,berke.,PBR materiał,darmowe darmowy free Omnibus: Not on sale,https://berkehome.pl/products/tekstury-materialow-z-kolekcji-_32,Tekstury materiałów z kolekcji _32 darmowe darmowy free Omnibus: Not on sale PBR materiał berke.
7170991358145,Tekstury materiałów z kolekcji _33,tekstury-materialow-z-kolekcji-_33,ELASTRON,PBR materiał,darmowe darmowy free Omnibus: Not on sale,https://berkehome.pl/products/tekstury-materialow-z-kolekcji-_33,Tekstury materiałów z kolekcji _33 darmowe darmowy free Omnibus: Not on sale PBR materiał ELASTRON
7170991947969,Tekstury materiałów z kolekcji _34,tekstury-materialow-z-kolekcji-_34,berke.,PBR materiał,darmowe darmowy free Omnibus: Not on sale,https://berkehome.pl/products/tekstury-materialow-z-kolekcji-_34,Tekstury materiałów z kolekcji _34 darmowe darmowy free Omnibus: Not on sale PBR materiał berke.
8369437573467,Tekstury materiałów z kolekcji _36,tekstury-materialow-z-kolekcji-_36,berke,PBR materiał,beżowe black Bottle green czarne czarny granatowy green grey kolor_różowy Navy blue niebieski Omnibus: Not on sale pearl Peral_02 pink rodzaj_szenil różowe różowyzielony silver szare taupe,https://berkehome.pl/products/tekstury-materialow-z-kolekcji-_36,Tekstury materiałów z kolekcji _36 beżowe black Bottle green czarne czarny granatowy green grey kolor_różowy Navy blue niebieski Omnibus: Not on sale pearl Peral_02 pink rodzaj_szenil różowe różowyzielony silver szare taupe PBR materiał berke
8369439605083,Tekstury materiałów z kolekcji _37,tekstury-materialow-z-kolekcji-_37,berke.,PBR materiał,beżowe black czarne czarny granatowy green grey kolor_różowy Navy blue niebieski Omnibus: Not on sale pearl Peral_02 pink rodzaj_szenil różowe różowyzielony silver szare taupe,https://berkehome.pl/products/tekstury-materialow-z-kolekcji-_37,Tekstury materiałów z kolekcji _37 beżowe black czarne czarny granatowy green grey kolor_różowy Navy blue niebieski Omnibus: Not on sale pearl Peral_02 pink rodzaj_szenil różowe różowyzielony silver szare taupe PBR materiał berke.
8369442390363,Tekstury materiałów z kolekcji _38,tekstury-materialow-z-kolekcji-_38,berke.,PBR materiał,beżowe black czarne czarny granatowy green grey kolor_różowy Navy blue niebieski Omnibus: Not on sale pearl Peral_02 pink rodzaj_szenil różowe różowyzielony silver szare taupe,https://berkehome.pl/products/tekstury-materialow-z-kolekcji-_38,Tekstury materiałów z kolekcji _38 beżowe black czarne czarny granatowy green grey kolor_różowy Navy blue niebieski Omnibus: Not on sale pearl Peral_02 pink rodzaj_szenil różowe różowyzielony silver szare taupe PBR materiał berke.
8369444421979,Tekstury materiałów z kolekcji _39,tekstury-materialow-z-kolekcji-_39,berke.,PBR materiał,beżowe black czarne czarny granatowy green grey kolor_różowy Navy blue niebieski Omnibus: Not on sale pearl Peral_02 pink rodzaj_szenil różowe różowyzielony silver szare taupe,https://berkehome.pl/products/tekstury-materialow-z-kolekcji-_39,Tekstury materiałów z kolekcji _39 beżowe black czarne czarny granatowy green grey kolor_różowy Navy blue niebieski Omnibus: Not on sale pearl Peral_02 pink rodzaj_szenil różowe różowyzielony silver szare taupe PBR materiał berke.
8369450680667,Tekstury materiałów z kolekcji _40,tekstury-materialow-z-kolekcji-_40,berke.,PBR materiał,beżowe black czarne czarny granatowy green grey kolor_różowy Navy blue niebieski Omnibus: Not on sale pearl Peral_02 pink rodzaj_szenil różowe różowyzielony silver szare taupe,https://berkehome.pl/products/tekstury-materialow-z-kolekcji-_40,Tekstury materiałów z kolekcji _40 beżowe black czarne czarny granatowy green grey kolor_różowy Navy blue niebieski Omnibus: Not on sale pearl Peral_02 pink rodzaj_szenil różowe różowyzielony silver szare taupe PBR materiał berke.
8369453302107,Tekstury materiałów z kolekcji _41,tekstury-materialow-z-kolekcji-_41,berke.,PBR materiał,beżowe black czarne czarny granatowy green grey kolor_różowy Navy blue niebieski Omnibus: Not on sale pearl Peral_02 pink rodzaj_szenil różowe różowyzielony silver szare taupe,https://berkehome.pl/products/tekstury-materialow-z-kolekcji-_41,Tekstury materiałów z kolekcji _41 beżowe black czarne czarny granatowy green grey kolor_różowy Navy blue niebieski Omnibus: Not on sale pearl Peral_02 pink rodzaj_szenil różowe różowyzielony silver szare taupe PBR materiał berke.
8369454317915,Tekstury materiałów z kolekcji _42,tekstury-materialow-z-kolekcji-_42,berke.,PBR materiał,beżowe black czarne czarny granatowy green grey kolor_różowy Navy blue niebieski Omnibus: Not on sale pearl Peral_02 pink rodzaj_szenil różowe różowyzielony silver szare taupe,https://berkehome.pl/products/tekstury-materialow-z-kolekcji-_42,Tekstury materiałów z kolekcji _42 beżowe black czarne czarny granatowy green grey kolor_różowy Navy blue niebieski Omnibus: Not on sale pearl Peral_02 pink rodzaj_szenil różowe różowyzielony silver szare taupe PBR materiał berke.
8369455071579,Tekstury materiałów z kolekcji _43,tekstury-materialow-z-kolekcji-_43,berke.,PBR materiał,beżowe black czarne czarny granatowy green grey kolor_różowy Navy blue niebieski Omnibus: Not on sale pearl Peral_02 pink rodzaj_szenil różowe różowyzielony silver szare taupe,https://berkehome.pl/products/tekstury-materialow-z-kolekcji-_43,Tekstury materiałów z kolekcji _43 beżowe black czarne czarny granatowy green grey kolor_różowy Navy blue niebieski Omnibus: Not on sale pearl Peral_02 pink rodzaj_szenil różowe różowyzielony silver szare taupe PBR materiał berke.
8369456546139,Tekstury materiałów z kolekcji _44,tekstury-materialow-z-kolekcji-_44,berke.,PBR materiał,beżowe black czarne czarny granatowy green grey kolor_różowy Navy blue niebieski Omnibus: Not on sale pearl Peral_02 pink rodzaj_szenil różowe różowyzielony silver szare taupe,https://berkehome.pl/products/tekstury-materialow-z-kolekcji-_44,Tekstury materiałów z kolekcji _44 beżowe black czarne czarny granatowy green grey kolor_różowy Navy blue niebieski Omnibus: Not on sale pearl Peral_02 pink rodzaj_szenil różowe różowyzielony silver szare taupe PBR materiał berke.
7186931450049,Toaletka dębowa Lili No. 1,toaletka-debowa-lili-no-1,berke.,Toaletki,biurko boho dab japandi konsola Omnibus: Not on sale szufladami,https://berkehome.pl/products/toaletka-debowa-lili-no-1,Toaletka dębowa Lili No. 1 biurko boho dab japandi konsola Omnibus: Not on sale szufladami Toaletki berke.
7188688961729,Toaletka dębowa Lili No. 2,toaletka-debowa-lili-no-2,berke.,Toaletki,art-deco biurko boho dab japandi konsola Omnibus: Not on sale szufladami,https://berkehome.pl/products/toaletka-debowa-lili-no-2,Toaletka dębowa Lili No. 2 art-deco biurko boho dab japandi konsola Omnibus: Not on sale szufladami Toaletki berke.
7186902286529,Ławka dębowa Bench No. 1,lawka-debowa-bench-no-1,berke.,Ławki,art-deco boho dab Omnibus: Not on sale,https://berkehome.pl/products/lawka-debowa-bench-no-1,Ławka dębowa Bench No. 1 art-deco boho dab Omnibus: Not on sale Ławki berke.
7282225447105,Ławka dębowa Bench No. 2,lawka-debowa-bench-no-2,berke.,Ławki,art-deco dab japandi Omnibus: Not on sale,https://berkehome.pl/products/lawka-debowa-bench-no-2,Ławka dębowa Bench No. 2 art-deco dab japandi Omnibus: Not on sale Ławki berke.
7189024637121,Łóżko dębowe Angel | Szenil,lozko-debowe-angel-wood-szenil,berke.,Łóżka i ramy łóżek,02 _02 angel wood art-deco beżowe boho dab grey grey_02 japandi kolekcja 02 kolekcja_02 kremowe Omnibus: Not on sale silver silver_02 szare taupe taupe_02,https://berkehome.pl/products/lozko-debowe-angel-wood-szenil,Łóżko dębowe Angel | Szenil 02 _02 angel wood art-deco beżowe boho dab grey grey_02 japandi kolekcja 02 kolekcja_02 kremowe Omnibus: Not on sale silver silver_02 szare taupe taupe_02 Łóżka i ramy łóżek berke.
7191474274497,Łóżko dębowe Flat,lozko-debowe-flat-wood,berke.,Łóżka i ramy łóżek,dab flat wood japandi Omnibus: Compliant,https://berkehome.pl/products/lozko-debowe-flat-wood,Łóżko dębowe Flat dab flat wood japandi Omnibus: Compliant Łóżka i ramy łóżek berke.
8351372706139,Łóżko dębowe Flat Lite,lozko-debowe-flat-lite,berke.,Łóżka i ramy łóżek,dab dup-review-publication flat wood japandi Omnibus: Not on sale,https://berkehome.pl/products/lozko-debowe-flat-lite,Łóżko dębowe Flat Lite dab dup-review-publication flat wood japandi Omnibus: Not on sale Łóżka i ramy łóżek berke.
7189742190785,Łóżko dębowe Ol.WOOD,lozko-debowe-ol-wood,berke.,Łóżka i ramy łóżek,belgium grey bezbarwny dab Dark honey japandi oak ol wood olejowosk Omnibus: Not on sale zagłówek,https://berkehome.pl/products/lozko-debowe-ol-wood,Łóżko dębowe Ol.WOOD belgium grey bezbarwny dab Dark honey japandi oak ol wood olejowosk Omnibus: Not on sale zagłówek Łóżka i ramy łóżek berke.
7189636972737,Łóżko dębowe Shortie,lozko-debowe-shortie-wood,berke.,Łóżka i ramy łóżek,bezbarwny dab havana japandi olejowosk Omnibus: Not on sale rustic shortie wood,https://berkehome.pl/products/lozko-debowe-shortie-wood,Łóżko dębowe Shortie bezbarwny dab havana japandi olejowosk Omnibus: Not on sale rustic shortie wood Łóżka i ramy łóżek berke.
8350776263003,Łóżko dębowe Slim Lite | Szenil,lozko-debowe-slim-lite-szenil,berke.,Łóżka i ramy łóżek,02 _02 art-deco bestseller beżowe boho dab grey grey_02 kolekcja 02 kolekcja_02 konfigurator_slim_debowy_bez_pojemnika kremowe Omnibus: Not on sale silver silver_02 slim wood szare taupe taupe_02,https://berkehome.pl/products/lozko-debowe-slim-lite-szenil,Łóżko dębowe Slim Lite | Szenil 02 _02 art-deco bestseller beżowe boho dab grey grey_02 kolekcja 02 kolekcja_02 konfigurator_slim_debowy_bez_pojemnika kremowe Omnibus: Not on sale silver silver_02 slim wood szare taupe taupe_02 Łóżka i ramy łóżek berke.
7186336317633,Łóżko dębowe Slim | Szenil,lozko-debowe-slim-wood-szenil,berke.,Łóżka i ramy łóżek,02 _02 art-deco bestseller beżowe boho dab grey grey_02 kolekcja 02 kolekcja_02 konfigurator_slim_debowy_bez_pojemnika kremowe Omnibus: Compliant silver silver_02 slim wood szare taupe taupe_02,https://berkehome.pl/products/lozko-debowe-slim-wood-szenil,Łóżko dębowe Slim | Szenil 02 _02 art-deco bestseller beżowe boho dab grey grey_02 kolekcja 02 kolekcja_02 konfigurator_slim_debowy_bez_pojemnika kremowe Omnibus: Compliant silver silver_02 slim wood szare taupe taupe_02 Łóżka i ramy łóżek berke.
7189170290881,Łóżko dębowe z pojemnikiem Angel | Szenil,lozko-debowe-z-pojemnikiem-angel-wood-szenil,berke.,Łóżka i ramy łóżek,02 _02 angel wood art-deco beżowe dab grey grey_02 kolekcja 02 kolekcja_02 kremowe Omnibus: Not on sale silver silver_02 szare taupe taupe_02,https://berkehome.pl/products/lozko-debowe-z-pojemnikiem-angel-wood-szenil,Łóżko dębowe z pojemnikiem Angel | Szenil 02 _02 angel wood art-deco beżowe dab grey grey_02 kolekcja 02 kolekcja_02 kremowe Omnibus: Not on sale silver silver_02 szare taupe taupe_02 Łóżka i ramy łóżek berke.
7189766996161,Łóżko dębowe z pojemnikiem Con | Szenil,lozko-debowe-z-pojemnikiem-con-wood-szenil,berke.,Łóżka i ramy łóżek,02 _02 beżowe con wood dab grey grey_02 kolekcja 02 kolekcja_02 kremowe Omnibus: Compliant silver silver_02 szare taupe taupe_02,https://berkehome.pl/products/lozko-debowe-z-pojemnikiem-con-wood-szenil,Łóżko dębowe z pojemnikiem Con | Szenil 02 _02 beżowe con wood dab grey grey_02 kolekcja 02 kolekcja_02 kremowe Omnibus: Compliant silver silver_02 szare taupe taupe_02 Łóżka i ramy łóżek berke.
7191490920641,Łóżko dębowe z pojemnikiem Flat,lozko-debowe-z-pojemnikiem-flat-wood,berke.,Łóżka i ramy łóżek,boho dab flat wood havana japandi Omnibus: Compliant rustic,https://berkehome.pl/products/lozko-debowe-z-pojemnikiem-flat-wood,Łóżko dębowe z pojemnikiem Flat boho dab flat wood havana japandi Omnibus: Compliant rustic Łóżka i ramy łóżek berke.
8351372771675,Łóżko dębowe z pojemnikiem Flat Lite,lozko-debowe-z-pojemnikiem-flat-lite,berke.,Łóżka i ramy łóżek,boho dab dup-review-publication flat wood havana japandi Omnibus: Not on sale rustic,https://berkehome.pl/products/lozko-debowe-z-pojemnikiem-flat-lite,Łóżko dębowe z pojemnikiem Flat Lite boho dab dup-review-publication flat wood havana japandi Omnibus: Not on sale rustic Łóżka i ramy łóżek berke.
7189966487745,Łóżko dębowe z pojemnikiem More | Plecionka,lozko-debowe-z-pojemnikiem-more-wood-plecionka,berke.,Łóżka i ramy łóżek,33 _33 art-deco beżowe cement cement_33 dab kolekcja_33 kremowy more wood nude nude_33 old Omnibus: Not on sale pink pink_33 różowe różowy,https://berkehome.pl/products/lozko-debowe-z-pojemnikiem-more-wood-plecionka,Łóżko dębowe z pojemnikiem More | Plecionka 33 _33 art-deco beżowe cement cement_33 dab kolekcja_33 kremowy more wood nude nude_33 old Omnibus: Not on sale pink pink_33 różowe różowy Łóżka i ramy łóżek berke.
7189915238593,Łóżko dębowe z pojemnikiem More | Szenil,lozko-debowe-z-pojemnikiem-more-wood-szenil,berke.,Łóżka i ramy łóżek,02 _02 art-deco beżowe dab grey grey_02 kolekcja 02 kolekcja_02 kremowe more wood Omnibus: Not on sale silver silver_02 szare taupe taupe_02,https://berkehome.pl/products/lozko-debowe-z-pojemnikiem-more-wood-szenil,Łóżko dębowe z pojemnikiem More | Szenil 02 _02 art-deco beżowe dab grey grey_02 kolekcja 02 kolekcja_02 kremowe more wood Omnibus: Not on sale silver silver_02 szare taupe taupe_02 Łóżka i ramy łóżek berke.
7189690155201,Łóżko dębowe z pojemnikiem Ol.WOOD,lozko-debowe-z-pojemnikiem-ol-wood,berke.,Łóżka i ramy łóżek,belgium grey bezbarwny dab Dark honey japandi oak ol wood olejowosk Omnibus: Not on sale szare,https://berkehome.pl/products/lozko-debowe-z-pojemnikiem-ol-wood,Łóżko dębowe z pojemnikiem Ol.WOOD belgium grey bezbarwny dab Dark honey japandi oak ol wood olejowosk Omnibus: Not on sale szare Łóżka i ramy łóżek berke.
7189890400449,Łóżko dębowe z pojemnikiem Piko | Szenil,lozko-debowe-z-pojemnikiem-piko-wood-szenil,berke.,Łóżka i ramy łóżek,02 _02 beżowe dab grey grey_02 kolekcja 02 kolekcja_02 kremowe Omnibus: Not on sale piko wood silver silver_02 szare taupe taupe_02,https://berkehome.pl/products/lozko-debowe-z-pojemnikiem-piko-wood-szenil,Łóżko dębowe z pojemnikiem Piko | Szenil 02 _02 beżowe dab grey grey_02 kolekcja 02 kolekcja_02 kremowe Omnibus: Not on sale piko wood silver silver_02 szare taupe taupe_02 Łóżka i ramy łóżek berke.
8351329190235,Łóżko dębowe z pojemnikiem Slim Lite | Szenil,lozko-debowe-z-pojemnikiem-slim-lite-szenil,berke.,Łóżka i ramy łóżek,02 _02 art-deco bestseller beżowe dab dup-review-publication grey grey_02 kolekcja 02 kolekcja_02 kremowe Omnibus: Not on sale silver silver_02 slim wood szare taupe taupe_02,https://berkehome.pl/products/lozko-debowe-z-pojemnikiem-slim-lite-szenil,Łóżko dębowe z pojemnikiem Slim Lite | Szenil 02 _02 art-deco bestseller beżowe dab dup-review-publication grey grey_02 kolekcja 02 kolekcja_02 kremowe Omnibus: Not on sale silver silver_02 slim wood szare taupe taupe_02 Łóżka i ramy łóżek berke.
7186889474241,Łóżko dębowe z pojemnikiem Slim | Dzianina,lozko-debowe-z-pojemnikiem-slim-wood-dzianina,berke.,Łóżka i ramy łóżek,25 _25 bestseller beżowe beżowy boho dab grey grey_25 kolekcja_25 Omnibus: Compliant silver silver_25 slim wood szare szary taupe taupe_25,https://berkehome.pl/products/lozko-debowe-z-pojemnikiem-slim-wood-dzianina,Łóżko dębowe z pojemnikiem Slim | Dzianina 25 _25 bestseller beżowe beżowy boho dab grey grey_25 kolekcja_25 Omnibus: Compliant silver silver_25 slim wood szare szary taupe taupe_25 Łóżka i ramy łóżek berke.
7186860474561,Łóżko dębowe z pojemnikiem Slim | Szenil,lozko-debowe-z-pojemnikiem-slim-wood-szenil,berke.,Łóżka i ramy łóżek,02 _02 art-deco bestseller beżowe dab grey grey_02 kolekcja 02 kolekcja_02 kremowe Omnibus: Compliant silver silver_02 slim wood szare taupe taupe_02,https://berkehome.pl/products/lozko-debowe-z-pojemnikiem-slim-wood-szenil,Łóżko dębowe z pojemnikiem Slim | Szenil 02 _02 art-deco bestseller beżowe dab grey grey_02 kolekcja 02 kolekcja_02 kremowe Omnibus: Compliant silver silver_02 slim wood szare taupe taupe_02 Łóżka i ramy łóżek berke.
7322022281409,Łóżko dębowe z pojemnikiem Slim | Szenil,lozko-debowe-z-pojemnikiem-slim-wood-szenil-1,berke.,Łóżka i ramy łóżek,31 _31 art-deco bestseller beżowe cream_31 dab grey kolekcja_31 kremowe light grey_31 Omnibus: Compliant slim wood szare szenil,https://berkehome.pl/products/lozko-debowe-z-pojemnikiem-slim-wood-szenil-1,Łóżko dębowe z pojemnikiem Slim | Szenil 31 _31 art-deco bestseller beżowe cream_31 dab grey kolekcja_31 kremowe light grey_31 Omnibus: Compliant slim wood szare szenil Łóżka i ramy łóżek berke.
7189636382913,Łóżko loftowe Som,lozko-loftowe-som-wood,berke.,Łóżka i ramy łóżek,dab metalowa Omnibus: Not on sale rama som wood,https://berkehome.pl/products/lozko-loftowe-som-wood,Łóżko loftowe Som dab metalowa Omnibus: Not on sale rama som wood Łóżka i ramy łóżek berke.
7189707161793,Łóżko tapicerowane Angel | Szenil,lozko-tapicerowane-angel-soft-szenil,berke.,Łóżka i ramy łóżek,02 _02 angel soft beżowe boho grey grey_02 japandi kolekcja 02 kolekcja_02 kremowe Omnibus: Not on sale silver silver_02 szare taupe taupe_02,https://berkehome.pl/products/lozko-tapicerowane-angel-soft-szenil,Łóżko tapicerowane Angel | Szenil 02 _02 angel soft beżowe boho grey grey_02 japandi kolekcja 02 kolekcja_02 kremowe Omnibus: Not on sale silver silver_02 szare taupe taupe_02 Łóżka i ramy łóżek berke.
7191188603073,Łóżko tapicerowane Flat | Szenil,lozko-tapicerowane-flat-soft-szenil,berke.,Łóżka i ramy łóżek,02 _02 beżowe flat soft grey grey_02 japandi kolekcja 02 kolekcja_02 kremowe Omnibus: Compliant silver silver_02 szare taupe taupe_02,https://berkehome.pl/products/lozko-tapicerowane-flat-soft-szenil,Łóżko tapicerowane Flat | Szenil 02 _02 beżowe flat soft grey grey_02 japandi kolekcja 02 kolekcja_02 kremowe Omnibus: Compliant silver silver_02 szare taupe taupe_02 Łóżka i ramy łóżek berke.
7188776255681,Łóżko tapicerowane Slim | Szenil,lozko-tapicerowane-slim-soft-szenil,berke.,Łóżka i ramy łóżek,02 _02 beżowe grey grey_02 kolekcja 02 kolekcja_02 kremowe Omnibus: Compliant silver silver_02 slim soft szare taupe taupe_02,https://berkehome.pl/products/lozko-tapicerowane-slim-soft-szenil,Łóżko tapicerowane Slim | Szenil 02 _02 beżowe grey grey_02 kolekcja 02 kolekcja_02 kremowe Omnibus: Compliant silver silver_02 slim soft szare taupe taupe_02 Łóżka i ramy łóżek berke.
7188861354177,Łóżko tapicerowane Slim | Szenil,lozko-tapicerowane-slim-soft-szenil-1,berke.,Łóżka i ramy łóżek,26 _26 art-deco beige beige_26 beżowe beżowy boho cold cream cream_26 kolekcja_26 kremowe kremowy light Omnibus: Compliant slim soft,https://berkehome.pl/products/lozko-tapicerowane-slim-soft-szenil-1,Łóżko tapicerowane Slim | Szenil 26 _26 art-deco beige beige_26 beżowe beżowy boho cold cream cream_26 kolekcja_26 kremowe kremowy light Omnibus: Compliant slim soft Łóżka i ramy łóżek berke.
7189727641793,Łóżko tapicerowane z pojemnikiem Angel | Szenil,lozko-tapicerowane-z-pojemnikiem-angel-soft-szenil,berke.,Łóżka i ramy łóżek,02 _02 angel soft beżowe grey grey_02 kolekcja 02 kolekcja_02 kremowe Omnibus: Not on sale silver silver_02 szare taupe taupe_02,https://berkehome.pl/products/lozko-tapicerowane-z-pojemnikiem-angel-soft-szenil,Łóżko tapicerowane z pojemnikiem Angel | Szenil 02 _02 angel soft beżowe grey grey_02 kolekcja 02 kolekcja_02 kremowe Omnibus: Not on sale silver silver_02 szare taupe taupe_02 Łóżka i ramy łóżek berke.
7189888762049,Łóżko tapicerowane z pojemnikiem Con | Dzianina,lozko-tapicerowane-z-pojemnikiem-con-soft-dzianina,berke.,Łóżka i ramy łóżek,19 _19 antique antique pink_19 beige beżowe beżowy boho con grey jasne jasny kolekcja_19 kremowe kremowy Omnibus: Compliant silver silver_19 soft szare szary,https://berkehome.pl/products/lozko-tapicerowane-z-pojemnikiem-con-soft-dzianina,Łóżko tapicerowane z pojemnikiem Con | Dzianina 19 _19 antique antique pink_19 beige beżowe beżowy boho con grey jasne jasny kolekcja_19 kremowe kremowy Omnibus: Compliant silver silver_19 soft szare szary Łóżka i ramy łóżek berke.
7189810151617,Łóżko tapicerowane z pojemnikiem Con | Szenil,lozko-tapicerowane-z-pojemnikiem-con-soft-szenil,berke.,Łóżka i ramy łóżek,02 _02 beżowe boho grey grey_02 kolekcja 02 kolekcja_02 kremowe Omnibus: Compliant silver silver_02 szare taupe taupe_02,https://berkehome.pl/products/lozko-tapicerowane-z-pojemnikiem-con-soft-szenil,Łóżko tapicerowane z pojemnikiem Con | Szenil 02 _02 beżowe boho grey grey_02 kolekcja 02 kolekcja_02 kremowe Omnibus: Compliant silver silver_02 szare taupe taupe_02 Łóżka i ramy łóżek berke.
7189931393217,Łóżko tapicerowane z pojemnikiem Flat | Szenil,lozko-tapicerowane-z-pojemnikiem-flat-soft-szenil,berke.,Łóżka i ramy łóżek,02 _02 beżowe flat soft grey grey_02 japandi kolekcja 02 kolekcja_02 kremowe Omnibus: Compliant silver silver_02 szare taupe taupe_02,https://berkehome.pl/products/lozko-tapicerowane-z-pojemnikiem-flat-soft-szenil,Łóżko tapicerowane z pojemnikiem Flat | Szenil 02 _02 beżowe flat soft grey grey_02 japandi kolekcja 02 kolekcja_02 kremowe Omnibus: Compliant silver silver_02 szare taupe taupe_02 Łóżka i ramy łóżek berke.
7191520805057,Łóżko tapicerowane z pojemnikiem More | Bukla,lozko-tapicerowane-z-pojemnikiem-more-soft-bukla,berke.,Łóżka i ramy łóżek,34 _34 beżowe beżowy boucle cream cream_34 gruby japandi kolekcja kolekcja_34 kremowe kremowy more soft Omnibus: Not on sale pearl pearl_34 toffee toffee_34,https://berkehome.pl/products/lozko-tapicerowane-z-pojemnikiem-more-soft-bukla,Łóżko tapicerowane z pojemnikiem More | Bukla 34 _34 beżowe beżowy boucle cream cream_34 gruby japandi kolekcja kolekcja_34 kremowe kremowy more soft Omnibus: Not on sale pearl pearl_34 toffee toffee_34 Łóżka i ramy łóżek berke.
7191494951105,Łóżko tapicerowane z pojemnikiem More | Szenil,lozko-tapicerowane-z-pojemnikiem-more-soft-szenil,berke.,Łóżka i ramy łóżek,02 _02 art-deco beżowe grey grey_02 kolekcja 02 kolekcja_02 kremowe more soft Omnibus: Not on sale silver silver_02 szare taupe taupe_02,https://berkehome.pl/products/lozko-tapicerowane-z-pojemnikiem-more-soft-szenil,Łóżko tapicerowane z pojemnikiem More | Szenil 02 _02 art-deco beżowe grey grey_02 kolekcja 02 kolekcja_02 kremowe more soft Omnibus: Not on sale silver silver_02 szare taupe taupe_02 Łóżka i ramy łóżek berke.
7189808087233,Łóżko tapicerowane z pojemnikiem Piko | Szenil,lozko-tapicerowane-z-pojemnikiem-piko-soft-szenil,berke.,Łóżka i ramy łóżek,02 _02 art-deco beżowe grey grey_02 kolekcja 02 kolekcja_02 kremowe Omnibus: Not on sale piko soft silver silver_02 szare taupe taupe_02,https://berkehome.pl/products/lozko-tapicerowane-z-pojemnikiem-piko-soft-szenil,Łóżko tapicerowane z pojemnikiem Piko | Szenil 02 _02 art-deco beżowe grey grey_02 kolekcja 02 kolekcja_02 kremowe Omnibus: Not on sale piko soft silver silver_02 szare taupe taupe_02 Łóżka i ramy łóżek berke.
7189840920769,Łóżko tapicerowane z pojemnikiem Piko | Welur,lozko-tapicerowane-z-pojemnikiem-piko-soft-welur,berke.,Łóżka i ramy łóżek,30 _30 dust Dust_30 grey Grey_30 kolekcja_30 light Light grey_30 Omnibus: Not on sale piko soft szare szary welurowe,https://berkehome.pl/products/lozko-tapicerowane-z-pojemnikiem-piko-soft-welur,Łóżko tapicerowane z pojemnikiem Piko | Welur 30 _30 dust Dust_30 grey Grey_30 kolekcja_30 light Light grey_30 Omnibus: Not on sale piko soft szare szary welurowe Łóżka i ramy łóżek berke.
7188902772929,Łóżko tapicerowane z pojemnikiem Slim | Szenil,lozko-tapicerowane-z-pojemnikiem-slim-soft-szenil,berke.,Łóżka i ramy łóżek,02 _02 beżowe boho grey grey_02 kolekcja 02 kolekcja_02 kremowe Omnibus: Compliant silver silver_02 slim soft szare taupe taupe_02,https://berkehome.pl/products/lozko-tapicerowane-z-pojemnikiem-slim-soft-szenil,Łóżko tapicerowane z pojemnikiem Slim | Szenil 02 _02 beżowe boho grey grey_02 kolekcja 02 kolekcja_02 kremowe Omnibus: Compliant silver silver_02 slim soft szare taupe taupe_02 Łóżka i ramy łóżek berke.
7188972372161,Łóżko tapicerowane z pojemnikiem Slim | Welur,lozko-tapicerowane-z-pojemnikiem-slim-soft-welur,berke.,Łóżka i ramy łóżek,21 _21 art-deco grey_21 kolekcja_21 Omnibus: Compliant pink pink_21 różowe silver silver_21 slim soft szare,https://berkehome.pl/products/lozko-tapicerowane-z-pojemnikiem-slim-soft-welur,Łóżko tapicerowane z pojemnikiem Slim | Welur 21 _21 art-deco grey_21 kolekcja_21 Omnibus: Compliant pink pink_21 różowe silver silver_21 slim soft szare Łóżka i ramy łóżek berke.
